status,city,year,state,total_tract_income,total_households_with_income,percent_householdsbelow50k_of_total,total_households_income_below_50k,total_households_income_50k_and_100k,total_households_income_100k_plus,bucket_annual_income_household,median_annual_income_individual,total_housing_units,occupied_housing_units,vacant_housing_units,median_monthly_housing_costs,total_households,total_rent_burden_normal,total_rent_burden_moderate,total_rent_burden_severe,percent_rent_burden_normal,percent_rent_burden_moderate,percent_rent_burden_severe,median_gross_rent_burden,avg_household_size,total_25_and_older,total_highest_not_graduate_hs,total_highest_graduate_hs,total_highest_college_degree,percent_graduate_hs,percent_no_college_degree,percent_college_degree,total_3_to_24,total_enrolled_pre_college,total_enrolled_higher_education,total_not_enrolled,total_employable,total_employed,complete_plumbing_occupied_housing,lacking_plumbing_occupied_housing,total_all_races,total_white_non_hispanic,total_african_american,total_native_american,total_asian,total_hispanic,total_other,percent_african_american,percent_native_american,percent_hispanic,percent_urm,total_all_ages,total_0_4,total_5_17,total_18_24,total_25_39,total_40_54,total_55_64,total_65_plus,total_population,percent_0_4,percent_5_17,percent_18_24,percent_children,percent_youth,percent_elderly
underbanked,San Bernardino,2019,CA,4.45E+09,66695,14.41515617,35016,19607,12072,2096032,967693,73281,66695,6586,49866,33499,11633,9113,11463,36.11723431,28.29333416,35.58943153,1625.2,150.85,140091,41916,72434,25741,51.7049632,81.62551484,18.37448516,91271,58465,11458,19,990,650,533,0,1127,1105,2,0,3,11,6,0.1774622893,0,0.9760425909,1.15350488,1127,39,106,48,149,231,266,288,242911,3.460514641,9.405501331,4.259094942,12.86601597,17.12511091,0.1185619424
banked,Irvine,2019,CA,1.14E+10,84508,8.856103862,21358,19637,43513,3426043,1602493,89563,84508,5055,79674,41966,18070,9539,11100,46.68165026,24.64284792,28.67550182,1116,92.76,155964,5663,34665,115636,22.22628299,25.85724911,74.14275089,76318,42614,25942,53,1553,956,709,6,1895,961,633,44,11,67,179,33.40369393,2.321899736,3.535620053,39.26121372,1895,89,316,130,282,360,355,363,241167,4.696569921,16.67546174,6.860158311,21.37203166,28.23218997,0.1505181057
underbanked,Amarillo,2019,TX,6.74E+09,87574,16.80885346,39642,28170,19762,3338683,1801570,97560,87574,9986,54536,31808,16123,6895,6824,54.02788017,23.10501977,22.86710006,1692.8,152.44,154121,23602,81046,49473,52.58595519,67.89989683,32.10010317,72105,48163,6580,272,3714,2204,1726,12,4561,4456,26,5,6,10,58,0.5700504275,0.1096250822,0.2192501644,0.8989256742,4561,297,709,382,812,910,656,795,235840,6.511729884,15.54483666,8.375356282,22.05656654,30.43192282,0.3370929444
underbanked,Chattanooga,2019,TN,7.19E+09,98694,21.87900653,51366,28054,19274,2728299,1561439,111373,98694,12679,49632,43599,20084,11360,9013,49.64283066,28.07919519,22.27797415,1758.3,128.07,164986,19008,82303,63675,49.88483871,61.40581625,38.59418375,61439,35254,11064,497,4270,2416,2084,0,5477,1917,3552,0,2,0,6,64.85302173,0,0,64.85302173,5477,364,996,505,1055,1098,654,805,234773,6.645974073,18.18513785,9.220376118,24.83111192,34.05148804,0.3428844032
underbanked,Des Moines,2019,IA,6.38E+09,87747,18.54231804,40802,29407,17538,3180356,1775128,95246,87747,7499,54498,34521,17137,7263,8193,52.57877458,22.283926,25.13729942,1696.4,142.84,146025,19459,75016,51550,51.37202534,64.69782571,35.30217429,64993,39902,8338,135,1796,1048,904,8,2261,1660,4,473,5,12,107,0.1769128704,20.91994693,0.5307386112,21.62759841,2261,57,477,146,297,425,394,465,220048,2.521008403,21.0968598,6.45731977,23.6178682,30.07518797,0.2113175307
banked,Glendale,2019,CA,7.38E+09,74698,14.86425746,29763,19773,25162,2924852,1302157,78962,74698,4264,77060,50076,19029,10450,18438,39.71241939,21.80854394,38.47903667,1501.7,107.29,150397,19186,54634,76577,36.32652247,49.08342587,50.91657413,44388,27989,8905,471,8334,5864,3951,0,10648,6343,3113,0,75,617,500,29.23553719,0,5.794515402,35.03005259,10648,659,2151,726,2078,2093,1413,1528,200232,6.188955672,20.20097671,6.818181818,26.38993238,33.2081142,0.7631147868
underbanked,Columbus,2019,GA,5.11E+09,72759,19.8095423,38775,21173,12811,2236129,1281778,84723,72759,11964,45644,37823,17718,8610,9493,49.46260573,24.03617989,26.50121437,1732.5,132.92,127141,15197,67495,44449,53.08673048,65.0396017,34.9603983,60395,38362,8266,183,1923,1170,846,0,2380,867,8,17,10,1310,168,0.3361344538,0.7142857143,55.04201681,56.09243697,2380,112,442,265,469,393,377,322,195739,4.705882353,18.57142857,11.13445378,23.27731092,34.41176471,0.1645047742
underbanked,Cape Coral,2019,FL,5.77E+09,69700,14.68776661,28234,25068,16398,1670457,832292,89806,69700,20106,31847,17101,7732,4092,4176,48.325,25.575,26.1,929.8,74.7,145104,12425,84484,48195,58.22306759,66.7858915,33.2141085,41967,28629,4355,154,2058,1302,900,20,2452,2115,10,0,8,161,158,0.4078303426,0,6.566068515,6.973898858,2452,79,355,179,372,641,313,513,192228,3.221859706,14.47797716,7.300163132,17.69983687,25,0.2668705912
banked,Rockville,2019,MD,1.18E+10,69734,6.665649786,12673,16138,40923,5196613,2284354,72971,69734,3237,86574,23600,12539,5576,4730,54.88728387,24.40796673,20.7047494,1005.1,106.01,134378,9933,30283,94162,22.53568292,29.9275179,70.0724821,49866,34617,6858,355,5049,3033,2272,0,6108,4376,17,37,140,782,756,0.2783235102,0.6057629339,12.80288147,13.68696791,6108,302,918,466,597,1234,1123,1468,190124,4.944335298,15.02946955,7.629338572,19.97380485,27.60314342,0.7721276641
underbanked,Charleston,2019,SC,7.42E+09,74671,14.93223752,27435,23738,23498,2948146,1532280,85249,74671,10578,58927,30986,14660,6971,6304,52.47896904,24.95435833,22.56667263,1299.9,101.88,131061,7729,49333,73999,37.64125102,43.53850497,56.46149503,46223,24597,12504,68,1574,854,820,0,1783,1727,0,0,0,21,35,0,0,1.177790241,1.177790241,1783,31,212,76,214,251,430,569,183730,1.738642737,11.89007291,4.262478968,13.62871565,17.89119462,0.3096935721
underbanked,Allentown,2019,PA,4.93E+09,63064,17.14710901,29843,19113,14108,2012000,1005975,67585,63064,4521,41129,29078,12105,7511,8023,43.79680886,27.17536814,29.027823,1223.8,100.24,112409,17790,57224,37395,50.90695585,66.73309077,33.26690923,54800,33759,7160,387,4365,2826,2371,0,5314,5007,43,30,57,60,117,0.8091832894,0.564546481,1.129092962,2.502822732,5314,287,813,395,768,1071,843,1137,174041,5.400828002,15.29920963,7.433195333,20.70003764,28.13323297,0.6532943387
underbanked,Jackson,2019,MS,3.70E+09,62451,22.21779813,37944,16197,8310,1996357,1164419,74834,62451,12383,40067,31054,13048,7372,8074,45.79209658,25.87211343,28.33578999,1693.3,134.44,108820,15551,55711,37558,51.19555229,65.48612387,34.51387613,55121,34169,8848,461,7616,3296,3991,2,8747,8286,39,110,0,107,205,0.4458671545,1.257574025,1.223276552,2.926717732,8747,332,1002,535,917,1324,1779,2858,170782,3.795587058,11.45535612,6.11638276,15.25094318,21.36732594,1.67347847
banked,Hollywood,2019,FL,5.25E+09,61318,16.37453547,27671,19010,14637,2100326,1012618,74139,61318,12821,45316,25807,9354,7249,7785,38.35492865,29.72363457,31.92143677,1210.2,94.43,121132,15115,58656,47361,48.42320774,60.90133078,39.09866922,41807,28698,5021,857,10242,6653,5225,44,13408,10980,0,507,61,1486,374,0,3.781324582,11.08293556,14.86426014,13408,650,2861,762,2660,2671,1408,2396,168988,4.847852029,21.33800716,5.683174224,26.18585919,31.86903341,1.417852155
underbanked,Ann Arbor,2019,MI,7.89E+09,66245,13.45183391,22658,17601,25986,3989399,2030841,70587,66245,4342,67357,31656,14761,6317,8830,49.35468771,21.12143908,29.52387321,1307.7,108.85,99245,2756,18366,78123,18.50571817,21.28268427,78.71731573,65321,21859,35792,175,4148,2636,2219,0,5196,5017,0,34,5,100,40,0,0.6543494996,1.924557352,2.578906851,5196,318,848,228,719,1064,921,1098,168438,6.120092379,16.32024634,4.387990762,22.44033872,26.82832948,0.6518719054
underbanked,Augusta,2019,GA,4.00E+09,59308,20.76291437,33453,16248,9607,1643935,921552,75195,59308,15887,32162,28745,11594,6742,8175,43.73279016,25.43095319,30.83625665,1361.2,100.89,108048,17801,55011,35236,50.9134829,67.38856804,32.61143196,46505,29495,5522,288,4549,2578,2006,9,5345,4821,52,0,134,64,274,0.9728718428,0,1.19738073,2.170252572,5345,162,767,1410,912,754,695,645,161119,3.030869972,14.34985968,26.3797942,17.38072965,43.76052385,0.4003252255
banked,Naperville,2019,IL,8.73E+09,56319,5.970672577,9536,12898,33885,4177107,1765030,59238,56319,2919,65385,13423,7436,2970,2358,58.2575995,23.26856785,18.47383265,882.5,92.47,106329,3394,25347,77588,23.83827554,27.03025515,72.96974485,48176,34246,7281,393,11981,7417,5559,0,15442,12612,321,173,851,881,604,2.078746276,1.120321202,5.705219531,8.904287009,15442,904,3252,574,2417,3868,1585,2842,159714,5.854163968,21.05944826,3.717135086,26.91361223,30.63074731,1.779430732
underbanked,Beaumont,2019,TX,4.39E+09,56607,17.09019934,26706,16672,13229,2042365,1168463,65348,56607,8741,31540,23103,11229,5370,4400,53.47397495,25.57264632,20.95337873,1108.6,97.88,105590,15138,59700,30752,56.53944502,70.87602993,29.12397007,44065,26965,6022,684,6243,3778,3095,0,8076,6843,144,97,42,510,440,1.783060921,1.201089648,6.315007429,9.299157999,8076,707,1305,590,1511,1165,1267,1531,156265,8.754333829,16.1589896,7.30559683,24.91332343,32.21892026,0.9797459444
banked,Fullerton,2019,CA,5.46E+09,49454,9.780225551,14899,14759,19796,2534523,1030518,51950,49454,2496,54358,23825,9110,7288,6187,40.33650653,32.26920522,27.39428824,988.4,88.96,100903,12660,38802,49441,38.45475358,51.00145684,48.99854316,46038,26936,10497,317,3921,2328,1767,0,4680,3536,679,0,0,304,161,14.50854701,0,6.495726496,21.0042735,4680,222,661,402,534,1012,790,1059,152338,4.743589744,14.12393162,8.58974359,18.86752137,27.45726496,0.6951646995
underbanked,Albany,2019,NY,5.10E+09,62479,18.63836465,28028,17952,16499,2057537,1098649,71198,62479,8719,38969,33281,15472,7666,9051,48.06610954,23.81558918,28.11830128,1131.7,76.35,94635,8955,34713,50967,36.680932,46.14360437,53.85639563,51429,20780,20845,380,4705,3003,2439,7,5822,5478,57,33,42,122,90,0.9790450017,0.5668155273,2.095499828,3.641360357,5822,300,1034,404,893,1104,930,1157,150378,5.15286843,17.76021986,6.939196153,22.91308829,29.85228444,0.7693944593
underbanked,Bridgeport,2019,CT,3.51E+09,50638,18.48062676,26915,14092,9631,1728727,898886,58552,50638,7914,48361,29450,10716,7284,9970,38.31247765,26.04218806,35.64533429,1505,108.41,93895,22168,48222,23505,51.35736727,74.96671814,25.03328186,46535,29008,8175,275,3802,2229,1847,15,4609,4386,8,27,14,124,50,0.1735734433,0.585810371,2.690388371,3.449772185,4609,259,722,350,745,991,738,804,145639,5.619440226,15.66500325,7.593838143,21.28444348,28.87828162,0.5520499317
underbanked,Cedar Rapids,2019,IA,4.63E+09,58122,16.99337985,23744,19928,14450,1844905,1015964,62618,58122,4496,28907,17230,9613,3601,3317,58.15135201,21.78331619,20.0653318,827.8,71.61,93928,6153,46727,41048,49.74767907,56.29844136,43.70155864,40354,24942,5625,287,2992,1314,978,0,3828,1689,1916,0,4,192,27,50.0522466,0,5.015673981,55.06792059,3828,347,596,912,546,491,390,546,139725,9.064785789,15.56948798,23.82445141,24.63427377,48.45872518,0.3907675792
underbanked,Bloomington,2019,IN,3.77E+09,50756,19.26884374,25927,13603,11226,1468893,737292,56398,50756,5642,26896,23719,8706,5103,8143,39.65925656,23.24617347,37.09456997,999.3,67.51,75505,5615,28599,41291,37.87696179,45.31355539,54.68644461,56048,16612,31442,486,3464,1907,1252,44,5354,338,17,340,17,2307,2335,0.3175196115,6.35039223,43.08927904,49.75719089,5354,644,1465,431,1302,707,517,288,134554,12.02838999,27.36271946,8.050056033,39.39110945,47.44116548,0.2140404596
underbanked,Canton,2019,OH,3.65E+09,57896,23.26758205,31129,17257,9510,1428227,805895,64106,57896,6210,23351,22798,11903,5013,4713,55.03259513,23.17721578,21.7901891,917.9,71.71,92859,9323,55927,27609,60.22787237,70.26782541,29.73217459,36962,23066,4715,145,2860,1522,1480,0,3501,3354,1,16,7,62,61,0.02856326764,0.4570122822,1.770922594,2.256498143,3501,164,544,202,582,600,663,746,133787,4.684375893,15.53841759,5.769780063,20.22279349,25.99257355,0.5576027566
underbanked,Billings,2019,MT,4.59E+09,56193,17.64979029,23566,18566,14061,1644189,861485,60172,56193,3979,27245,18841,9765,4093,4074,54.45572161,22.82511711,22.71916128,778.3,62.11,91227,5525,47343,38359,51.89582032,57.95214136,42.04785864,37472,24137,3470,2499,25536,17334,12065,19,30165,19762,266,137,1638,5566,2796,0.881816675,0.4541687386,18.45184817,19.78783358,30165,1650,3606,3057,7290,5079,4907,4576,133520,5.469915465,11.95425162,10.13426156,17.42416708,27.55842864,3.427201917
underbanked,Abilene,2019,TX,3.30E+09,45732,16.96581685,22260,14064,9408,1739014,914497,52745,45732,7013,28571,20174,9872,4878,3983,52.69844659,26.03960925,21.26194416,963.9,89.91,81616,10260,45616,25740,55.89100176,68.46206626,31.53793374,43955,23441,7724,494,5736,3571,2828,1,6865,6605,16,3,49,42,150,0.2330662782,0.04369992717,0.6117989803,0.8885651857,6865,359,954,549,1036,1512,1064,1391,131205,5.229424618,13.89657684,7.997086672,19.12600146,27.12308813,1.060173012
underbanked,Bend,2019,OR,4.66E+09,50236,14.62957946,18361,16559,15316,1140518,526095,55971,50236,5735,22430,17357,7881,3965,4263,48.92296232,24.61357005,26.46346763,469.1,39.81,90835,4377,41263,45195,45.42632245,50.24494963,49.75505037,30856,20552,2295,330,5760,2990,2440,0,6940,4175,79,91,245,1228,1122,1.13832853,1.311239193,17.6945245,20.14409222,6940,217,1159,515,1028,1334,902,1785,125506,3.126801153,16.70028818,7.42074928,19.82708934,27.24783862,1.422242761
underbanked,College Station,2019,TX,3.59E+09,45093,18.25985765,22909,11024,11160,1239898,632811,51633,45093,6540,26068,26935,10093,5286,9794,40.09454574,20.99868907,38.90676518,834.7,58.42,58255,3288,17503,37464,30.04548966,35.68964037,64.31035963,63470,16061,39591,268,3745,2670,1793,0,4698,4388,108,53,13,74,62,2.298850575,1.128139634,1.575138357,5.002128565,4698,246,857,327,943,1085,636,604,125461,5.236270754,18.24180502,6.960408685,23.47807578,30.43848446,0.4814245064
underbanked,Boulder,2019,CO,5.89E+09,49752,14.68048499,18174,11976,19602,2322329,1046949,53007,49752,3255,45626,23467,8315,5286,8789,37.13711478,23.60875391,39.25413131,958.9,64.96,74437,2090,13351,58996,17.9359727,20.74371616,79.25628384,47158,14340,26444,3098,44084,24675,18696,158,53497,9748,407,134,17375,1549,24284,0.7607903247,0.2504813354,2.895489467,3.906761127,53497,2595,8204,4949,9769,9353,7622,11005,123797,4.850739294,15.33543937,9.250986037,20.18617866,29.4371647,8.889553059
underbanked,Charlottesville,2019,VA,5.22E+09,48015,13.91814662,17218,13556,17241,1956457,971722,52607,48015,4592,34661,22248,10330,4816,5294,50.53816047,23.56164384,25.90019569,881.6,66.08,82238,6735,25574,49929,31.09754615,39.28719084,60.71280916,37692,17448,14938,362,5039,2365,1871,11,6349,3981,103,312,5,1165,783,1.622302725,4.91415971,18.34934635,24.88580879,6349,399,1032,402,1569,1242,770,935,123709,6.284454245,16.25452827,6.33170578,22.53898252,28.8706883,0.755805964
underbanked,Athens,2019,GA,3.08E+09,47388,22.57432,27861,10916,8611,1150855,626944,51262,47388,3874,25235,28620,11152,6593,8960,41.75997004,24.68826063,33.55176933,995.5,65.54,67962,7514,24407,36041,35.91271593,46.96889438,53.03110562,51105,17215,25949,281,2277,1068,1138,0,2983,2649,0,44,0,9,281,0,1.475025142,0.3017096882,1.776734831,2983,191,600,304,320,630,280,658,123419,6.40295005,20.11397922,10.1910828,26.51692927,36.70801207,0.5331431951
banked,Rochester,2019,MN,4.85E+09,50029,13.68065416,16764,15919,17346,2053513,1083730,52722,50029,2693,30263,15416,7890,3048,3630,54.15980231,20.92257002,24.91762768,803.1,66.41,83330,4959,31011,47360,37.21468859,43.16572663,56.83427337,34301,22565,3613,902,12712,6614,5710,0,15867,13539,808,35,181,928,376,5.092329993,0.2205836012,5.848616626,11.16153022,15867,789,2594,997,2663,2602,2264,3958,122538,4.97258461,16.34839604,6.283481439,21.32098065,27.60446209,3.230018443
underbanked,Chapel Hill,2019,NC,5.66E+09,44981,12.66024157,15041,11010,18930,1783741,839406,48644,44981,3663,28708,17148,8055,3562,4524,49.90397125,22.06802553,28.02800322,709.6,56.52,73652,3422,15100,55130,20.50181937,25.14799327,74.85200673,41764,18077,19467,190,3958,2392,1958,0,5164,4649,15,107,124,208,61,0.2904725019,2.07203718,4.02788536,6.390395043,5164,304,1038,262,726,1045,729,1060,118805,5.886909373,20.10069713,5.073586367,25.98760651,31.06119287,0.892218341
underbanked,El Monte,2019,CA,2.07E+09,29811,13.11281546,15302,9674,4835,1221771,521466,31086,29811,1275,32225,17956,6079,5180,6008,35.20588406,29.99942086,34.79469508,958.3,97.3,77195,31988,31418,13789,40.69952717,82.13744413,17.86255587,35653,22458,5282,3283,44892,33698,23669,18,55045,27703,12793,1427,2993,6872,3257,23.24098465,2.59242438,12.484331,38.31774003,55045,3506,7988,5288,16223,10487,6139,5414,116695,6.369334181,14.5117631,9.606685439,20.88109728,30.48778272,4.639444706
underbanked,Bowling Green,2019,KY,3.31E+09,42311,17.6977103,19957,13201,9153,1107284,568776,46413,42311,4102,18141,17513,9214,3291,3811,56.47217455,20.1703849,23.35744055,558.3,51.16,67792,7504,31223,29065,46.05705688,57.12620958,42.87379042,40989,19224,12875,637,3683,2917,1841,20,4686,3899,141,143,93,139,271,3.008962868,3.051643192,2.966282544,9.026888604,4686,285,903,891,1053,732,454,368,112766,6.081946223,19.27016645,19.01408451,25.35211268,44.36619718,0.3263394995
underbanked,Chico,2019,CA,3.46E+09,41638,17.5334978,19118,11424,11096,1308820,627903,46124,41638,4486,27376,21573,8289,5264,6963,40.4026126,25.65802301,33.9393644,846.4,58.5,65624,4985,28975,31664,44.15305376,51.74935999,48.25064001,39751,16687,15294,120,2094,1263,1084,4,2455,1932,0,118,76,114,215,0,4.806517312,4.643584521,9.450101833,2455,89,280,211,411,357,424,683,109037,3.625254582,11.40529532,8.594704684,15.0305499,23.62525458,0.6263928758
underbanked,Cleveland,2019,TN,2.82E+09,40192,18.60537688,19675,12665,7852,930379,480660,43736,40192,3544,15281,13850,6762,3115,2472,54.75747024,25.22471455,20.01781521,563.3,47.67,72026,10570,39321,22135,54.59278594,69.2680421,30.7319579,30110,18259,5384,347,4504,2751,2184,3,5825,4756,16,643,15,45,350,0.2746781116,11.03862661,0.7725321888,12.08583691,5825,368,1150,415,930,1024,800,1138,105749,6.317596567,19.74248927,7.124463519,26.06008584,33.18454936,1.076133108
underbanked,Davenport,2019,IA,3.06E+09,41555,19.08228567,20157,13013,8385,1661656,954406,46528,41555,4973,27591,15314,7073,3642,3575,49.49615115,25.48635409,25.01749475,999,78.53,71199,6754,38660,25785,54.29851543,63.78460372,36.21539628,30554,18952,4025,112,3461,2116,1890,0,4152,3792,89,0,51,54,166,2.143545279,0,1.300578035,3.444123314,4152,292,475,166,848,721,608,1042,105632,7.032755299,11.44026975,3.998073218,18.47302505,22.47109827,0.986443502
banked,Burbank,2019,CA,4.52E+09,42356,13.49992425,14257,12316,15783,1957643,936157,44468,42356,2112,45523,24558,10308,5707,7361,44.09650924,24.41392882,31.48956194,779.9,61.59,78099,6450,31573,40076,40.42689407,48.68564258,51.31435742,24144,15486,4530,6981,90008,58043,38655,198,115111,54096,25486,328,3162,21669,10370,22.14036886,0.28494236,18.82443902,41.24975024,115111,7227,21163,8473,22793,24626,13560,17269,105608,6.278287913,18.38486331,7.360721391,24.66315122,32.02387261,16.35198091
underbanked,Appleton,2019,WI,3.47E+09,42150,16.41274304,17161,14200,10789,1681671,878914,43962,42150,1812,25236,14547,8135,3284,2505,58.42430336,23.58517667,17.99051997,692.1,63.69,70254,4287,34339,31628,48.87835568,54.98049933,45.01950067,30375,19665,3680,2330,56913,33149,20172,6,62316,45939,3850,151,7159,2198,3019,6.178188587,0.2423133706,3.52718403,9.947685988,62316,1754,4652,30953,8896,5446,4205,6410,104559,2.814686437,7.465177483,49.67103152,10.27986392,59.95089544,6.130510047
underbanked,Champaign,2019,IL,3.26E+09,40704,19.36965613,19777,10829,10098,1191643,660732,45632,40704,4928,22511,21803,9119,4467,5687,47.31489649,23.17750221,29.50760131,731.5,51.94,57658,2875,21149,33634,36.68007909,41.66637761,58.33362239,41343,13128,21380,146,3024,1624,1335,28,3535,2288,22,0,195,994,36,0.6223479491,0,28.11881188,28.74115983,3535,271,263,201,661,611,588,940,102103,7.666195191,7.439886846,5.685997171,15.10608204,20.79207921,0.9206389626
underbanked,Elkhart,2019,IN,2.42E+09,36619,18.26960799,18162,12329,6128,931506,520868,41615,36619,4996,15127,12474,5966,2736,2821,51.77471145,23.74381671,24.48147184,556.6,50.53,64603,12213,37023,15367,57.30848413,76.21317895,23.78682105,29856,20367,1715,712,7182,4318,3499,16,9099,6434,177,691,11,1081,705,1.945268711,7.594241125,11.88042642,21.41993626,9099,451,1762,876,1464,1633,1291,1622,99411,4.956588636,19.36476536,9.627431586,24.32135399,33.94878558,1.631610184
underbanked,Battle Creek,2019,MI,2.49E+09,37711,21.36675587,19801,10966,6944,1224506,674566,42343,37711,4632,20099,12382,5878,3180,2866,49.29553841,26.66890305,24.03555854,825.4,62.66,63162,5677,38703,18782,61.27576708,70.26376619,29.73623381,25863,16730,2577,2246,17161,10635,8854,7,23744,5037,17158,0,30,526,993,72.26246631,0,2.215296496,74.4777628,23744,2101,5304,2029,5112,3714,2740,2744,92672,8.848551213,22.33827493,8.545316712,31.18682615,39.73214286,2.960980663
underbanked,Bloomington,2019,IL,3.56E+09,36627,14.09829646,12960,10929,12738,1607225,894739,39548,36627,2921,23324,12857,7501,1830,2432,63.76774632,15.5572558,20.67499787,550.4,55.47,60105,2767,24229,33109,40.3111222,44.91473255,55.08526745,28421,17961,5440,498,5978,3879,2864,20,7724,7234,148,12,46,32,252,1.916105645,0.1553599171,0.4142931124,2.485758674,7724,393,1621,496,1451,1621,1035,1107,91926,5.088037286,20.98653547,6.421543242,26.07457276,32.496116,1.204229489
banked,Arlington Heights,2019,IL,4.36E+09,36544,10.82484009,9697,10248,16599,1886261,956680,38880,36544,2336,30495,10537,6098,2159,1929,59.86648341,21.19575888,18.93775771,565.8,49.11,65425,3597,21497,40331,32.85747039,38.35536874,61.64463126,20909,16060,1947,1450,14268,9975,6769,17,18212,15040,1551,66,532,696,327,8.516362838,0.3623984186,3.821656051,12.70041731,18212,1457,2704,1211,4102,3373,2813,2552,89581,8.000219635,14.84735339,6.649461893,22.84757303,29.49703492,2.848818388
underbanked,Charleston,2019,WV,2.86E+09,39090,22.81356242,19997,10935,8158,1340166,780661,45110,39090,6020,19295,13529,6364,2293,3094,54.15709301,19.51323292,26.32967407,835.2,60.51,63113,6369,32779,23965,51.93700189,62.02842521,37.97157479,21250,13418,1938,400,3049,1596,1502,0,3767,2209,1055,0,32,444,27,28.00637112,0,11.78656756,39.79293868,3767,250,590,438,499,701,530,759,87654,6.636580834,15.66233077,11.62728962,22.2989116,33.92620122,0.8659045794
underbanked,Deltona,2019,FL,1.76E+09,25765,15.05445795,11887,9978,3900,694057,339065,28274,25765,2509,13579,5530,2591,1113,1482,49.96143463,21.46162746,28.57693791,397.7,39.65,53732,6084,31921,15727,59.40780168,70.73066329,29.26933671,22335,15141,2615,280,3288,1767,1549,39,4328,3996,0,70,42,48,172,0,1.617375231,1.109057301,2.726432532,4328,219,856,246,537,926,748,796,78960,5.060073937,19.77818854,5.683918669,24.83826248,30.52218115,1.00810537
banked,Alameda,2019,CA,4.12E+09,30418,9.286569369,7292,7371,15755,1659954,836419,32346,30418,1928,32397,15830,8404,3539,3070,55.97815227,23.57290348,20.44894425,438.9,40.44,57946,5218,17254,35474,29.77599834,38.78093397,61.21906603,17886,12761,1871,534,10978,7095,5539,0,13537,12182,565,0,542,39,209,4.173746029,0,0.2880992834,4.461845313,13537,944,1907,591,1908,2688,2471,3028,78522,6.973480092,14.08731624,4.365812218,21.06079634,25.42660855,3.85624411
underbanked,Burlington,2019,NC,2.12E+09,31526,21.12178708,16509,9153,5864,855857,494227,34983,31526,3457,13975,12616,6300,2619,2839,53.58054091,22.27419629,24.1452628,465.9,41.41,53943,8482,28085,17376,52.06421593,67.7882209,32.2117791,21651,14261,1856,5536,66643,42989,35113,70,81938,58600,14229,360,3783,2284,2682,17.36556909,0.4393565867,2.787473456,20.59239913,81938,5494,11407,6527,17296,16032,11635,13547,78161,6.705069687,13.92150162,7.965779004,20.62657131,28.59235031,17.33217333
banked,White Plains,2019,NY,3.85E+09,28350,11.61812254,8588,6014,13748,1737015,791797,30499,28350,2149,33736,12788,6068,2794,3203,50.29423954,23.15789474,26.54786573,510.8,44,53420,6181,17452,29787,32.66941221,44.23998502,55.76001498,18477,12114,2804,2389,32508,24131,15715,15,39736,27491,1525,39,2169,2396,6116,3.837829676,0.09814777532,6.029796658,9.965774109,39736,2405,5757,3179,8668,8940,5132,5655,73919,6.052446145,14.4881216,8.000301993,20.54056775,28.54086974,7.650265832
underbanked,Dover,2019,DE,2.04E+09,27494,17.83871143,13135,8467,5892,858867,434574,30260,27494,2766,17165,11414,4477,3304,2949,41.72413793,30.79217148,27.48369059,542.3,39.97,47026,6116,25040,15870,53.24713988,66.25271127,33.74728873,23601,12161,5651,453,4175,2682,1932,8,5188,4906,4,31,0,79,168,0.07710100231,0.5975327679,1.522744796,2.197378566,5188,270,902,449,925,1149,744,749,73632,5.204317656,17.38627602,8.65458751,22.59059368,31.24518119,1.017220774
banked,Mountain View,2019,CA,5.83E+09,30154,7.907090664,5811,4814,19529,2457536,1282357,32473,30154,2319,45711,17975,10820,3326,3343,61.86745955,19.01766825,19.11487221,446,43.13,53129,3771,10330,39028,19.44324192,26.54106044,73.45893956,17103,11108,2352,2055,31396,22401,14608,15,42396,38383,1871,51,721,642,728,4.413152184,0.1202943674,1.514293801,6.047740353,42396,3028,9329,2734,9051,8825,4326,5103,73491,7.142183225,22.00443438,6.448721578,29.14661761,35.59533918,6.943707393
banked,Palo Alto,2019,CA,6.06E+09,27955,7.980476236,5788,5128,17039,2403169,1156920,30025,27955,2070,40093,14290,7398,3143,2974,54.73917869,23.25564188,22.00517943,389.5,41.26,49935,2981,6571,40383,13.15910684,19.12886753,80.87113247,19858,15132,2219,630,7822,5423,3554,0,9555,8830,18,0,10,334,363,0.1883830455,0,3.495552067,3.683935113,9555,627,1271,770,1518,2227,1622,1520,72527,6.562009419,13.30193616,8.058608059,19.86394558,27.92255364,2.09577123
underbanked,Binghamton,2019,NY,1.77E+09,27571,23.42995169,15229,7592,4750,921503,506328,32103,27571,4532,16831,12665,4935,2871,3953,41.96785441,24.41534144,33.61680415,744.7,47.53,43358,5117,21191,17050,48.87448683,60.67623045,39.32376955,19501,10050,4907,472,5128,2688,2566,0,6276,5861,61,0,51,244,59,0.9719566603,0,3.887826641,4.859783301,6276,346,927,398,1077,1234,858,1436,64998,5.513065647,14.77055449,6.341618866,20.28362014,26.62523901,2.209298748
banked,Yorba Linda,2019,CA,3.55E+09,21454,5.950110969,3807,4239,13408,1839631,767009,22107,21454,653,37455,3860,1453,1098,1159,39.16442049,29.59568733,31.23989218,436,41.66,44995,2071,14917,28007,33.15257251,37.75530615,62.24469385,17152,12537,2709,2006,49330,31363,20611,30,61740,52017,1287,8,2742,2781,2905,2.084548105,0.01295756398,4.504373178,6.601878847,61740,3218,11033,8340,7371,12736,9165,9877,63982,5.21218011,17.87010042,13.50826045,23.08228053,36.59054098,15.4371542
banked,Danville,2019,CA,4.89E+09,21291,4.10900505,2506,3151,15634,1576188,675239,22038,21291,747,30061,2799,1633,412,669,60.16949153,15.18054532,24.64996315,232.8,25.58,41196,829,8670,31697,21.0457326,23.05806389,76.94193611,18222,14032,2362,642,9983,7389,4476,0,13565,12371,10,1,936,117,130,0.07371913011,0.007371913011,0.8625138223,0.9436048655,13565,1204,2829,723,2353,3391,1599,1466,60988,8.875783266,20.85514191,5.329893107,29.73092518,35.06081828,2.403751558
underbanked,Blacksburg,2019,VA,1.69E+09,19976,15.54233135,9324,5306,5346,483466,239547,22909,19976,2933,9243,10923,4053,1529,3560,44.3338438,16.72500547,38.94115073,313,22.83,27980,1322,8035,18623,28.71694067,33.4417441,66.5582559,30479,5591,22668,212,2824,1851,1399,0,3679,3587,15,0,0,6,71,0.407719489,0,0.1630877956,0.5708072846,3679,227,713,207,638,767,502,625,59991,6.170154933,19.38026638,5.626528948,25.55042131,31.17695026,1.04182294
underbanked,Auburn,2019,AL,1.50E+09,21553,21.48386413,12156,4688,4709,441558,244123,26286,21553,4733,9763,11993,4372,2049,3965,42.09512806,19.72848065,38.1763913,432.8,28.92,26937,1639,9107,16191,33.80851617,39.89308386,60.10691614,28566,7882,18005,112,1870,857,946,6,2310,1682,13,440,16,47,112,0.5627705628,19.04761905,2.034632035,21.64502165,2310,123,375,93,356,387,341,635,56582,5.324675325,16.23376623,4.025974026,21.55844156,25.58441558,1.122265031
underbanked,Chambersburg,2019,PA,1.78E+09,22458,16.28807667,9042,7973,5443,604703,322702,23942,22458,1484,9246,7826,4475,1663,1240,60.65329358,22.53998374,16.80672269,259.4,24.3,39065,4277,20968,13820,53.67464482,64.62306412,35.37693588,14348,9365,1340,228,1768,1046,833,0,2372,2204,19,0,64,49,36,0.8010118044,0,2.065767285,2.866779089,2372,191,469,235,362,376,274,465,55513,8.05227656,19.77234401,9.907251265,27.82462057,37.73187184,0.8376416335
banked,Morgan Hill,2019,CA,2.75E+09,17019,6.207456683,3210,3888,9921,1314187,517835,17520,17019,501,25489,4388,2207,953,1030,52.67303103,22.74463007,24.5823389,318.4,33.05,34791,2942,13713,18136,39.41536604,47.87157598,52.12842402,15012,11130,1919,2147,29413,20216,12458,24,38441,34437,825,31,630,1400,1118,2.146146042,0.0806430634,3.641944799,5.868733904,38441,1918,8457,3245,5916,9140,4902,4863,51712,4.989464374,21.99994797,8.441507765,26.98941235,35.43092011,9.404006807
mixed,East Los Angeles,2019,CA,8.77E+08,13436,13.91781038,7058,4190,2188,524665,248384,14130,13436,694,12891,8836,3512,2301,2527,42.11031175,27.58992806,30.29976019,375.8,41.42,32503,14624,13752,4127,42.30994062,87.30271052,12.69728948,16221,10485,2460,476,8112,5402,3536,2,10018,9229,47,176,202,68,296,0.4691555201,1.756837692,0.6787781992,2.904771411,10018,637,1532,1214,1789,1113,1643,2090,50712,6.358554602,15.29247355,12.11818726,21.65102815,33.76921541,4.12131251
underbanked,East Stroudsburg,2019,PA,1.33E+09,14976,12.5690332,5667,5067,4242,522667,228667,20092,14976,5116,10511,4071,1843,907,1098,47.8950104,23.57068607,28.53430353,262.9,23.29,30312,2853,16795,10664,55.4070995,64.81921351,35.18078649,13874,7779,3064,155,1833,1243,921,5,2465,2224,7,0,17,99,118,0.2839756592,0,4.016227181,4.30020284,2465,195,492,180,422,445,339,392,45087,7.910750507,19.95943205,7.302231237,27.87018256,35.17241379,0.8694302127
underbanked,Barnstable,2019,MA,1.89E+09,18796,13.03427465,5788,6273,6735,835506,420088,26395,18796,7599,16988,4707,2027,1031,1322,46.27853881,23.53881279,30.1826484,386.9,25.72,33500,2108,15117,16275,45.12537313,51.41791045,48.58208955,10014,6867,885,687,7346,4808,3299,0,9351,8728,64,0,19,169,371,0.6844187787,0,1.807293338,2.491712116,9351,486,1726,648,1866,1802,1326,1497,44406,5.197305101,18.45791894,6.929740135,23.65522404,30.58496417,3.371166059
banked,West Hollywood,2019,CA,3.06E+09,27683,22.2424878,9756,7347,10580,689816,475883,30537,27683,2854,16639,22036,10853,5144,5285,50.99614698,24.17066065,24.83319237,268.3,14.22,39699,881,11377,27441,28.6581526,30.87735207,69.12264793,3509,1333,543,263,3799,2059,1658,9,4596,3547,28,50,2,853,116,0.6092254134,1.087902524,18.55961706,20.256745,4596,189,669,424,873,702,607,1132,43862,4.11227154,14.55613577,9.225413403,18.66840731,27.89382071,2.580821668
underbanked,Daphne,2019,AL,1.48E+09,15132,11.08921113,4726,4957,5449,288098,133178,16721,15132,1589,4831,3835,2096,814,698,58.09312639,22.56097561,19.345898,110.1,11.32,27794,989,11635,15170,41.86155285,45.41987479,54.58012521,13700,9230,978,930,9763,6428,4725,15,12604,7243,1431,0,1026,1774,1130,11.35353856,0,14.07489686,25.42843542,12604,767,2470,1265,2010,2477,1865,1750,42618,6.085369724,19.59695335,10.03649635,25.68232307,35.71881942,4.106246187
banked,Scarsdale,2019,NY,4.58E+09,14901,5.067607568,2140,2125,10636,1844859,839333,15773,14901,872,30712,1873,935,288,492,54.51895044,16.79300292,28.68804665,242.8,28.57,28814,809,4413,23592,15.31547165,18.12313459,81.87686541,12024,9535,1200,271,11133,5730,4909,0,13434,8782,51,2,3083,882,634,0.3796337651,0.01488759863,6.565430996,6.95995236,13434,532,2339,764,1121,2632,2413,3633,42229,3.960101236,17.4110466,5.687062677,21.37114783,27.05821051,8.603092661
underbanked,Coeur d'Alene,2019,ID,1.30E+09,17856,21.74965836,9072,5190,3594,543054,286207,21051,17856,3195,9721,7728,3530,2197,1614,48.08609181,29.92780275,21.98610544,301.7,22.99,29414,2137,15925,11352,54.14088529,61.40613313,38.59386687,10726,6007,1045,30,1899,1187,968,7,2170,2109,38,0,0,12,11,1.751152074,0,0.5529953917,2.304147465,2170,50,266,75,387,429,365,598,41711,2.304147465,12.25806452,3.456221198,14.56221198,18.01843318,1.43367457
underbanked,East St Louis,2019,IL,6.52E+08,16373,31.14843306,12593,2923,857,365030,285989,21750,16373,5377,9598,8777,2875,1825,2814,38.2619111,24.28799574,37.45009316,626.8,39.38,26393,5057,16728,4608,63.38044178,82.54082522,17.45917478,12353,8267,665,160,3432,1199,1823,46,4202,4037,0,0,0,165,0,0,0,3.926701571,3.926701571,4202,291,551,278,477,860,678,1067,40429,6.925273679,13.11280343,6.615897192,20.03807711,26.6539743,2.639194638
banked,Los Altos,2019,CA,4.28E+09,13633,4.279062508,1645,1433,10555,1974358,862031,14253,13633,620,30543,2688,1632,298,528,66.39544345,12.12367779,21.48087876,161.2,25.39,27299,576,2929,23794,10.72933074,12.83929814,87.16070186,10354,8896,682,320,8280,5233,3707,0,10672,9435,110,0,303,532,292,1.030734633,0,4.985007496,6.015742129,10672,706,1991,593,1060,2573,1702,2047,38443,6.615442279,18.65629685,5.556596702,25.27173913,30.82833583,5.324766537
underbanked,Atlantic City,2019,NJ,7.74E+08,15504,28.8981289,10981,2935,1588,412813,270733,20429,15504,4925,13502,11281,4483,3018,3302,41.49773211,27.93668425,30.56558363,519.4,34.3,24991,6582,13219,5190,52.89504222,79.23252371,20.76747629,11365,7079,1561,350,4271,2001,2275,6,5079,5049,9,0,0,5,16,0.1772002363,0,0.0984445757,0.275644812,5079,225,706,260,705,1024,794,1365,37999,4.430005907,13.90037409,5.119117937,18.33038,23.44949793,3.592199795
underbanked,Carbondale,2019,IL,8.55E+08,13716,24.15980254,8418,2779,2519,330413,176161,17295,13716,3579,6318,7956,2430,1790,2806,34.58582408,25.47680046,39.93737546,296.1,17.92,19461,1088,8311,10062,42.70592467,48.29659319,51.70340681,14651,3992,8660,60,3015,1674,1599,0,3362,2832,87,20,116,134,173,2.58774539,0.5948839976,3.985722784,7.168352171,3362,92,329,106,410,626,777,1022,34843,2.736466389,9.785841761,3.152885187,12.52230815,15.67519334,2.933157306
banked,Manchester Township,2019,NJ,1.18E+09,19518,33.80581777,11424,4809,3285,336941,214735,21975,19518,2457,6093,2810,1086,476,927,43.63198072,19.12414624,37.24387304,291.2,13.41,30389,3879,17918,8592,58.96212445,71.7266116,28.2733884,2995,1788,255,62,701,402,395,0,792,682,62,0,2,17,29,7.828282828,0,2.146464646,9.974747475,792,16,94,86,102,202,124,168,33793,2.02020202,11.86868687,10.85858586,13.88888889,24.74747475,0.497144379
banked,Oakdale,2019,CA,1.14E+09,11614,12.71411916,4253,3018,4343,393147,166433,12234,11614,620,7013,4090,1889,1176,659,50.72502685,31.57894737,17.69602578,131.6,14.19,21875,3019,12030,6826,54.99428571,68.79542857,31.20457143,10142,6553,1076,241,3776,2376,1888,0,4762,3139,162,49,166,702,544,3.401931961,1.02897942,14.74170517,19.17261655,4762,216,867,274,724,824,862,995,33451,4.535909282,18.20663587,5.753884922,22.74254515,28.49643007,2.974500015
banked,Pleasant Hill,2019,CA,1.93E+09,12846,7.070554007,2333,2621,7892,769695,339148,13350,12846,504,13531,3415,1814,763,685,55.61005518,23.39055794,20.99938688,181.8,15.33,24618,774,8093,15751,32.8743196,36.01836055,63.98163945,7286,5009,1098,234,5234,3567,2304,0,6392,6216,29,0,85,14,48,0.4536921151,0,0.2190237797,0.6727158949,6392,242,1067,457,849,1407,1074,1296,32996,3.785982478,16.69274093,7.149561952,20.4787234,27.62828536,3.927748818
banked,Rexburg,2019,ID,4.96E+08,9262,17.92809113,5839,2334,1089,210512,73031,12062,9262,2800,4040,5593,1715,1641,2136,31.22723962,29.8798252,38.89293518,173.7,19.22,13297,594,5933,6770,44.61908701,49.08626006,50.91373994,17098,6072,7703,151,1567,873,691,0,2088,700,1388,0,0,0,0,66.47509579,0,0,66.47509579,2088,139,427,198,416,400,260,248,32569,6.657088123,20.45019157,9.482758621,27.10727969,36.59003831,0.7614602843
underbanked,Bangor,2019,ME,1.01E+09,13805,22.86649011,7339,3603,2863,398801,209817,15510,13805,1705,7001,7141,3480,1725,1668,50.63291139,25.09821039,24.26887822,232.3,17.11,22785,1496,11049,10240,48.49242923,55.05815229,44.94184771,8339,4320,2241,605,7347,3733,3874,0,9481,9158,103,0,66,0,154,1.086383293,0,0,1.086383293,9481,507,1840,588,1829,1405,1189,2123,32095,5.34753718,19.40723552,6.201877439,24.7547727,30.95665014,6.614737498
banked,Aberdeen,2019,SD,1.01E+09,13287,19.31076217,6063,4438,2786,323935,182235,14449,13287,1162,4773,5466,3296,1095,838,63.03308472,20.94090648,16.0260088,142.9,13.57,20449,1564,10360,8525,50.66262409,58.31091985,41.68908015,9683,5668,1593,114,1975,1109,1104,0,2445,2368,11,11,40,15,0,0.4498977505,0.4498977505,0.6134969325,1.513292434,2445,201,343,112,645,307,262,575,31397,8.220858896,14.02862986,4.580777096,22.24948875,26.83026585,1.831385164
banked,Huntington,2019,NY,1.84E+09,11337,7.239920518,2259,2484,6594,1115555,514304,12350,11337,1013,23723,1642,766,347,362,51.93220339,23.52542373,24.54237288,181.7,24.92,22150,1036,6587,14527,29.73814898,34.41534989,65.58465011,8098,5656,1075,211,3644,2808,1611,0,4299,4018,51,26,21,92,91,1.186322401,0.604791812,2.140032566,3.931146778,4299,140,603,390,753,914,754,745,31202,3.256571296,14.02651779,9.071877181,17.28308909,26.35496627,2.387667457
banked,Rochester,2019,NH,9.91E+08,12780,16.66289775,5158,4570,3052,390092,183673,13522,12780,742,7010,4179,2188,777,1068,54.25241756,19.26605505,26.4815274,196.4,14.67,21983,2324,12410,7249,56.45271346,67.02451895,32.97548105,8394,5343,755,226,3401,2101,1738,0,4328,4057,22,0,0,130,119,0.5083179298,0,3.003696858,3.512014787,4328,256,779,273,793,815,669,743,30955,5.914972274,17.99907579,6.307763401,23.91404806,30.22181146,2.40025844
banked,Abbeville,2019,LA,7.44E+08,11096,18.28715365,5445,3331,2320,320224,162773,13022,11096,1926,3625,2882,1124,436,559,53.04388863,20.57574328,26.3803681,163.2,15.77,19932,4590,10680,4662,53.58217941,76.61047562,23.38952438,8574,5879,606,462,5840,3710,3067,7,7284,6812,232,0,19,102,119,3.185063152,0,1.400329489,4.585392641,7284,363,1174,375,1432,1257,1041,1642,29775,4.983525535,16.11751785,5.148270181,21.10104338,26.24931356,5.514693535
underbanked,Aberdeen,2019,WA,7.12E+08,10422,17.77495363,5175,3335,1912,308743,144483,13011,10422,2589,4837,3902,1986,843,803,54.68061674,23.21035242,22.10903084,183.9,15.29,20690,2193,13380,5117,64.66892218,75.26824553,24.73175447,7442,4826,555,475,11830,5829,5363,0,14257,10149,501,0,213,2046,1348,3.514063267,0,14.3508452,17.86490847,14257,697,2083,760,2644,2240,2183,3650,29114,4.888826541,14.61036684,5.330714737,19.49919338,24.82990812,12.53692382
banked,Deer Park,2019,NY,1.04E+09,8904,7.807350179,2203,2556,4145,655733,276196,9562,8904,658,14397,1704,668,412,476,42.93059126,26.4781491,30.59125964,226.5,22.15,20058,1849,10010,8199,49.9052747,59.12354173,40.87645827,7261,4790,1056,303,5347,3239,2353,0,6507,5798,193,11,93,362,50,2.966036576,0.1690487168,5.563239588,8.698324881,6507,288,1139,425,1032,1196,1039,1388,28217,4.426002766,17.50422622,6.531427693,21.93022898,28.46165668,4.919020449
banked,Westport,2019,CT,3.21E+09,9916,5.293403769,1483,1111,7322,1211286,462360,10931,9916,1015,19680,1468,787,217,322,59.35143288,16.36500754,24.28355958,173.8,16.31,18635,391,3150,15094,16.90367588,19.00187819,80.99812181,8711,7014,1030,187,5107,3242,2210,0,6765,5609,46,0,744,178,188,0.6799704361,0,2.631189948,3.311160384,6765,265,1762,330,655,1717,1072,964,28016,3.91722099,26.04582409,4.87804878,29.96304508,34.84109387,3.440890919
underbanked,East Palo Alto,2019,CA,6.54E+08,5261,6.814659495,1495,1459,2307,239355,87281,5564,5261,303,6242,2324,1141,389,612,53.26797386,18.16059757,28.57142857,98.9,12.89,13795,4466,6062,3267,43.94345777,76.31750634,23.68249366,7484,4935,899,1042,14462,8499,6212,45,17412,13260,61,13,2,3313,763,0.3503331036,0.07466115323,19.02710774,19.452102,17412,676,2841,1236,2243,3581,3111,3724,21938,3.882379968,16.31633356,7.098552722,20.19871353,27.29726625,16.97511168
banked,Aberdeen,2019,MD,6.38E+08,7511,16.80896478,3150,2226,2135,307279,160627,8435,7511,924,5573,3136,1241,834,786,43.3764418,29.15064663,27.47291157,171.6,12.68,12996,1744,7129,4123,54.8553401,68.2748538,31.7251462,5044,3013,479,201,2609,1767,1410,13,3260,3104,0,58,1,23,74,0,1.779141104,0.7055214724,2.484662577,3260,184,513,243,506,555,525,734,18740,5.644171779,15.73619632,7.45398773,21.3803681,28.83435583,3.916755603
banked,Rochester,2019,MI,1.16E+09,7010,7.255588473,1347,1494,4169,740695,341378,7491,7010,481,10248,1318,707,254,312,55.53809898,19.95286724,24.50903378,123.8,15.74,12510,202,3407,8901,27.23421263,28.84892086,71.15107914,5651,4037,827,207,5920,3932,2533,0,7277,5265,139,14,955,411,493,1.9101278,0.1923869727,5.64793184,7.750446613,7277,364,1263,615,1150,1483,1151,1251,18565,5.002061289,17.35605332,8.45128487,22.35811461,30.80939948,6.738486399
banked,Orinda,2019,CA,1.92E+09,6457,4.167137211,738,567,5152,897908,355745,6871,6457,414,14004,693,389,192,82,58.67269985,28.95927602,12.36802413,112.2,11.08,12975,236,1551,11188,11.95375723,13.77263969,86.22736031,4364,3699,374,1182,17843,13008,7893,0,24111,20838,425,35,678,1573,562,1.762680934,0.1451619593,6.523993198,8.431836091,24111,1579,5700,1507,3183,6204,3220,2718,17710,6.548878105,23.64066194,6.250259218,30.18954004,36.43979926,15.34726143
underbanked,East Cleveland,2019,OH,2.89E+08,8235,39.64534884,6819,1059,357,249946,179998,13297,8235,5062,6942,5680,2311,1080,1653,45.81681205,21.41157811,32.77160983,406.5,23.3,11971,2111,7736,2124,64.62283853,82.25712138,17.74287862,4343,2579,358,0,0,0,0,0,0,0,0,0,0,0,0,0,0,0,0,0,0,0,0,0,0,0,0,17200,0,0,0,0,0,0
banked,Potomac,2019,MD,1.50E+09,5501,1.669905271,275,601,4625,668126,271078,5591,5501,90,9280,200,60,47,46,39.21568627,30.71895425,30.06535948,56,8.84,11727,363,1270,10094,10.82970922,13.92513004,86.07486996,4502,3750,507,253,5764,5291,609,20,6512,4593,524,55,342,607,391,8.046683047,0.8445945946,9.321253071,18.21253071,6512,196,662,4479,635,358,121,61,16468,3.00982801,10.16584767,68.78071253,13.17567568,81.95638821,0.370415351
underbanked,Aberdeen,2019,MS,3.59E+08,5980,22.2172949,3507,1601,872,160864,101229,7179,5980,1199,2280,1704,754,417,218,54.28365731,30.02159827,15.69474442,100.2,10.21,11005,2254,6381,2370,57.98273512,78.46433439,21.53566561,4437,3072,217,529,7068,3527,3113,11,8977,6049,465,25,0,513,1925,5.1799042,0.2784894731,5.714603988,11.17299766,8977,417,1765,608,1829,1781,1118,1459,15785,4.645204411,19.6613568,6.772863986,24.30656121,31.0794252,9.24295217
banked,Rochester,2019,IN,4.11E+08,5951,18.25505993,2787,2171,993,216298,114065,7527,5951,1576,2971,1571,749,429,298,50.74525745,29.06504065,20.1897019,108.5,10.16,10434,1119,6794,2521,65.11405022,75.83860456,24.16139544,4324,2982,488,284,3364,1943,1658,10,4070,3956,24,0,6,65,19,0.5896805897,0,1.597051597,2.186732187,4070,193,595,275,620,843,644,900,15267,4.742014742,14.61916462,6.756756757,19.36117936,26.11793612,5.895067793
underbanked,California,2019,MD,5.68E+08,5428,8.522193912,1271,1888,2269,185734,89366,5744,5428,316,3320,1717,920,445,328,54.34140579,26.28470171,19.3738925,56.9,5.52,9660,852,4280,4528,44.30641822,53.126294,46.873706,4728,3035,558,1045,32170,19387,12526,87,38213,18501,2051,377,5364,5994,5926,5.367283385,0.9865752493,15.68576139,22.03962002,38213,1753,5296,6005,5649,7234,4701,7575,14914,4.587444064,13.85915788,15.71454741,18.44660194,34.16114935,50.7912029
underbanked,Abbeville,2019,SC,3.42E+08,5972,25.52301255,3721,1389,862,110771,68445,7584,5972,1612,1719,1439,560,278,356,46.90117253,23.28308208,29.81574539,105.9,7.26,10421,1898,5365,3158,51.48258325,69.69580654,30.30419346,3676,2373,222,320,3871,2419,2168,5,5025,4691,31,73,0,45,185,0.6169154229,1.452736318,0.8955223881,2.965174129,5025,421,926,337,961,775,627,978,14579,8.378109453,18.4278607,6.706467662,26.80597015,33.51243781,6.708279031
banked,Laguna Woods,2019,CA,5.63E+08,9173,34.84200359,5050,2673,1450,185321,110615,10262,9173,1089,5158,3039,691,632,1488,24.58199929,22.4831021,52.93489861,199.8,6.23,13517,872,5035,7610,37.24938966,43.70052526,56.29947474,843,376,232,71,3997,807,2385,0,4248,3746,0,0,114,376,12,0,0,8.851224105,8.851224105,4248,49,202,22,362,287,647,2679,14494,1.153483992,4.755178908,0.5178907721,5.9086629,6.426553672,18.48351042
banked,Rifle,2019,CO,3.69E+08,4834,12.02781163,1678,1931,1225,132899,70966,5211,4834,377,2156,1380,618,304,217,54.25812116,26.69007902,19.05179982,57.7,5.59,8874,1437,5014,2423,56.50214109,72.69551499,27.30448501,4600,3182,240,258,3482,2508,1580,12,4258,3165,599,0,84,149,261,14.06763739,0,3.499295444,17.56693283,4258,236,739,396,792,1026,512,557,13951,5.54250822,17.35556599,9.300140911,22.89807421,32.19821512,3.992545337
banked,Bronxville,2019,NY,1.12E+09,3754,4.111180624,460,562,2732,549389,217564,4027,3754,273,9330,594,244,117,163,46.5648855,22.32824427,31.10687023,104.6,8.87,6922,283,1246,5393,18.00057787,22.08899162,77.91100838,3790,2626,877,2369,48203,32939,21175,9,62386,40403,2611,68,11116,3849,4339,4.185233867,0.1089988138,6.169653448,10.46388613,62386,3708,12293,4374,8814,14580,8805,9812,11189,5.943641202,19.70474145,7.011188408,25.64838265,32.65957106,87.69327018
banked,River Forest,2019,IL,9.16E+08,3971,5.022789426,551,962,2458,257253,134272,4266,3971,295,4520,446,283,79,84,63.4529148,17.71300448,18.83408072,50.6,5.09,6885,64,1056,5765,15.33769063,16.26724764,83.73275236,3731,2393,1073,1719,20557,14892,8786,0,29662,25587,964,28,199,1500,1384,3.24994943,0.09439687142,5.056975255,8.401321556,29662,2094,8177,2408,5567,7345,1851,2220,10970,7.059537455,27.56725777,8.118130942,34.62679523,42.74492617,20.23701003
banked,Robbinsville Twp,2019,NJ,6.22E+08,3632,6.171835282,607,599,2426,154291,63657,3748,3632,116,2257,451,184,102,152,42.00913242,23.28767123,34.70319635,38.6,2.71,6916,254,1884,4778,27.24117987,30.91382302,69.08617698,2760,2242,272,234,3545,2495,1522,19,4367,3774,195,6,50,230,112,4.465307992,0.1373940921,5.266773529,9.869475613,4367,233,677,496,775,784,515,887,9835,5.335470575,15.50263339,11.35791161,20.83810396,32.19601557,9.018810371
underbanked,Bedford,2019,NY,1.09E+09,3136,3.44117041,334,399,2403,399292,146609,3627,3136,491,7512,313,190,23,49,72.51908397,8.778625954,18.70229008,52.9,6.15,6129,214,794,5121,12.95480503,16.44640235,83.55359765,3379,2565,369,295,10140,6334,4120,12,12739,10442,286,0,615,671,725,2.245074182,0,5.267289426,7.512363608,12739,642,2349,1616,1199,2452,2227,2254,9706,5.039642044,18.43943795,12.68545412,23.47907999,36.16453411,23.22274882
banked,Ripon,2019,WI,2.85E+08,3854,19.48948291,1779,1206,869,111910,58786,4064,3854,210,1610,1432,746,391,200,55.79655946,29.24457741,14.95886313,50.9,4.31,6238,695,3584,1959,57.45431228,68.59570375,31.40429625,2637,1373,826,771,8192,4679,3895,17,10802,4646,416,3950,74,391,1325,3.851138678,36.56730235,3.619700056,44.03814108,10802,887,2048,877,1900,2030,1284,1776,9128,8.211442325,18.95945195,8.118866877,27.17089428,35.28976116,19.456617
banked,Aberdeen,2019,NC,2.62E+08,3488,16.12830359,1428,1404,656,57839,30479,3921,3488,433,962,1212,817,170,214,68.02664446,14.15487094,17.8184846,23.2,2.48,5959,516,2364,3079,39.67108575,48.33025675,51.66974325,2421,1608,352,242,3457,1918,1707,3,4298,4198,10,4,11,38,37,0.2326663564,0.09306654258,0.8841321545,1.209865054,4298,199,752,237,575,793,693,1049,8854,4.630060493,17.49651,5.514192648,22.1265705,27.64076315,11.84775243
banked,Richland Hills,2019,TX,2.44E+08,3154,13.72259457,1208,1172,774,125385,64247,3430,3154,276,1948,1016,560,217,211,56.68016194,21.96356275,21.3562753,55.2,5.47,6007,801,3506,1700,58.36524055,71.6996837,28.3003163,2471,1736,153,286,2815,1569,1158,3,3721,2994,2,148,38,210,329,0.05374899221,3.977425423,5.643644182,9.674818597,3721,225,786,420,576,770,445,499,8803,6.046761623,21.12335394,11.28728836,27.17011556,38.45740392,5.668522095
banked,Richfield,2019,UT,1.87E+08,2932,17.63298781,1548,912,472,94024,43700,3210,2932,278,1537,959,533,233,118,60.29411765,26.35746606,13.34841629,56.5,5.8,5176,438,3081,1657,59.52472952,67.98686244,32.01313756,3067,2283,118,85,2898,1636,1492,0,3266,3223,11,0,0,25,7,0.3368034293,0,0.7654623393,1.102265769,3266,132,279,162,425,839,685,744,8779,4.041641151,8.542559706,4.960195958,12.58420086,17.54439682,8.474769336
mixed,Maplewood,2019,MO,2.60E+08,4151,27.38790212,2205,1177,769,133982,98919,4583,4151,432,2545,2484,1298,557,574,53.43762865,22.93124743,23.63112392,85.8,5.69,5836,281,2388,3167,40.91843729,45.73337903,54.26662097,1902,1319,271,275,4584,2861,2606,38,5521,4955,215,0,10,18,323,3.894222061,0,0.3260278935,4.220249955,5521,244,816,316,1127,983,963,1072,8051,4.419489223,14.77993117,5.723600797,19.19942039,24.92302119,13.31511613
banked,Abbottstown,2019,PA,2.40E+08,2893,14.35696953,1065,996,832,64514,31117,3053,2893,160,1055,499,247,136,92,52,28.63157895,19.36842105,29.3,2.56,5196,544,3147,1505,60.56581986,71.03541186,28.96458814,2004,1267,196,314,2166,1527,958,4,3146,1006,3,2097,5,4,31,0.09535918627,66.6560712,0.1271455817,66.87857597,3146,372,707,301,551,498,352,365,7418,11.8245391,22.47298156,9.567705022,34.29752066,43.86522568,4.920463737
underbanked,Abbeville,2019,GA,8.27E+07,1454,15.78317373,923,352,179,67682,41607,2081,1454,627,853,423,162,53,35,64.8,21.2,14,46.1,5.23,4380,767,2835,778,64.7260274,82.23744292,17.76255708,1306,802,78,218,2056,1239,967,5,2573,2193,32,75,11,86,176,1.243684415,2.914885348,3.342401866,7.500971628,2573,141,438,267,443,498,318,468,5848,5.479984454,17.02293043,10.37699184,22.50291489,32.87990672,8.002735978
mixed,Lake Los Angeles,2019,CA,1.04E+08,1697,15.57883889,907,552,238,48444,26580,1862,1697,165,1069,420,108,127,87,33.54037267,39.44099379,27.01863354,35.3,3.42,3415,1092,1860,463,54.46559297,86.44216691,13.55783309,2168,1679,201,105,1549,987,729,13,1736,1677,35,3,0,6,15,2.016129032,0.1728110599,0.3456221198,2.534562212,1736,36,176,126,221,393,348,436,5822,2.073732719,10.13824885,7.258064516,12.21198157,19.47004608,7.488835452
mixed,Wildwood,2019,NJ,1.96E+08,2521,26.57084946,1442,697,382,98665,48319,7870,2521,5349,2389,1292,364,310,506,30.84745763,26.27118644,42.88135593,89.6,4.27,4082,555,2551,976,62.49387555,76.09015189,23.90984811,1236,802,113,1217,9878,5248,5278,0,12210,11794,130,34,37,68,147,1.064701065,0.2784602785,0.5569205569,1.9000819,12210,767,1864,1113,1872,2414,1729,2451,5427,6.281736282,15.26617527,9.115479115,21.54791155,30.66339066,45.16307352
banked,South Pasadena,2019,FL,1.86E+08,3005,36.46138807,1865,648,492,74505,52985,4133,3005,1128,1847,1283,431,352,453,34.87055016,28.4789644,36.65048544,73,3.09,4740,320,2585,1835,54.53586498,61.28691983,38.71308017,305,173,40,0,0,0,0,0,0,0,0,0,0,0,0,0,0,0,0,0,0,0,0,0,0,0,0,5115,0,0,0,0,0,0
mixed,North Kansas City,2019,MO,1.98E+08,2844,34.81613286,1761,742,341,42386,30134,3437,2844,593,892,2245,1077,756,386,48.5353763,34.06940063,17.39522307,30.4,1.78,3896,338,2314,1244,59.39425051,68.0698152,31.9301848,1030,449,103,46,4735,1346,2773,0,4886,4656,0,0,0,196,34,0,0,4.011461318,4.011461318,4886,18,133,65,335,719,857,2759,5058,0.3683995088,2.722063037,1.33033156,3.090462546,4.420794106,54.54725188